{"pitch": [-2.917079304729973, 11.391254536985787, 207.6309860026607, 46.77559025098984], "energy": [-1.431044578552246, 8.184337615966797, 37.326216769490635, 26.044180767782635]}