{"pitch": [-2.879620383246412, 10.701647317596422, 207.4988362093985, 46.75837075025294], "energy": [-1.4311870336532593, 8.16907787322998, 37.39676954370247, 26.08419376725949]}