{"pitch": [-2.9475444444949614, 17.369397121366628, 129.35456402290578, 17.851444310458685], "energy": [-2.0925259590148926, 1.9878625869750977, 91.95959330460718, 43.937298462759045]}