{"pitch": [-2.646310080183867, 11.922013280384945, 163.55966796034886, 61.80669044989039], "energy": [-1.248658537864685, 9.75546646118164, 41.65338755249414, 33.35850956918866]}