{"pitch": [-1.2683888716620417, 5.160688960978299, 155.61504901164565, 123.68732686205868], "energy": [-1.1586288213729858, 5.8238444328308105, 47.71016309033019, 42.178208117950014]}