{"pitch": [-3.0650433873877065, 9.886504395189194, 221.99553767074153, 49.939914748472596], "energy": [-1.7374849319458008, 6.96755313873291, 21.625968736386668, 12.357718244295244]}