{"pitch": [-2.8392840501056322, 11.022401919746486, 215.83989225621028, 53.598100192528406], "energy": [-1.620629906654358, 6.771811008453369, 59.412674114165846, 36.6257104832052]}